@rdf:about,dcat:accessURL:@rdf:resource,dct:title,dct:license:@rdf:resource,dct:format:@rdf:resource,dct:description,id
http://dati.comune.matera.it/dataset/8afefc12-85e0-4e2f-8b11-733bb95b1bf7/resource/d9abc58b-74fb-413e-a3d8-45baecc9218e,http://dati.comune.matera.it/dataset/8afefc12-85e0-4e2f-8b11-733bb95b1bf7/resource/d9abc58b-74fb-413e-a3d8-45baecc9218e/download/stranieriresidenti2013.csv,StranieriResidenti2013.csv,https://creativecommons.org/licenses/by/4.0/,http://publications.europa.eu/resource/authority/file-type/CSV,"Popolazione straniera residente nel comune di Matera per Area Geografica, Nazionalità, sesso e rapporto percentuale (ultima colonna) tra ogni singola Nazionalità ed il totale dei cittadini stranieri residenti nel Comune. I dati sono di fonte ed elaborazione dell'Ufficio Statistica.",
http://dati.comune.matera.it/dataset/4f3b29d4-fe79-4483-b720-884478ec6713/resource/0e79fd6c-b6c4-42b6-98eb-38e08f2ee5b5,https://docs.google.com/spreadsheets/d/e/2PACX-1vTqcIsPZ4iSksNvmPTsfiDOY3qDIn6VURMCbOxdbF2vVDKFRSUb43RijbZBoQ8rRa_iFXcXfEmqzQYc/pub?output=csv,Residenti sassi csv,https://creativecommons.org/licenses/by/4.0/,http://publications.europa.eu/resource/authority/file-type/CSV,File in formato CSV,
http://dati.comune.matera.it/dataset/81ebb1fa-26e9-4423-ac49-204f43f3c612/resource/003a4368-4e9d-498e-8eac-1b1861a46862,https://docs.google.com/spreadsheets/d/e/2PACX-1vRuRuGZ2wIWoYRdNLfIxEN1vaNE4LDGOUBAPFqLgncShr6DKHbd7volFYnxha9i6oaAhcCODRyFDVQ-/pub?output=csv,stranieri residenti per cittadinanza e sesso,https://creativecommons.org/licenses/by/4.0/,http://publications.europa.eu/resource/authority/file-type/CSV,Stranieri residenti per cittadinanza e sesso in csv,
http://dati.comune.matera.it/dataset/be7396a2-baea-403b-a330-72252dc29ec8/resource/4016495c-b82a-4669-afa3-d9ad7d59a8a8,https://docs.google.com/spreadsheets/d/e/2PACX-1vSu25G8InD7wYA7_ELfYRbRp_NdXSJHYM8QkpH7SwnuHqK_bZ_LNNklVxTCTxzTxsb0SZub2Nf9KRCE/pub?output=csv,erboristerie.csv,https://creativecommons.org/licenses/by/4.0/,http://publications.europa.eu/resource/authority/file-type/CSV,Elenco aggiornato in formato CSV,
http://dati.comune.matera.it/dataset/44beed86-8a16-4fce-9123-058aa4e4dbcf/resource/cc745c12-5a9a-445e-9ad5-a6ef814b5a5e,http://dati.comune.matera.it/dataset/44beed86-8a16-4fce-9123-058aa4e4dbcf/resource/cc745c12-5a9a-445e-9ad5-a6ef814b5a5e/download/water.csv,water.csv,https://creativecommons.org/licenses/by/4.0/,http://publications.europa.eu/resource/authority/file-type/CSV,file in formato csv,
http://dati.comune.matera.it/dataset/4757c9ae-5ebf-46cf-8bae-0901980db77e/resource/a3742dba-921f-4651-84ca-7c740a336752,https://docs.google.com/spreadsheets/d/e/2PACX-1vQvWfG8BPxw2BlaGvyEjBrvO1jDkVkG0N4kBhtpPdIyy9dUwP28XWRXp1DVo5d_qnCYkYY0ShvO9eas/pub?gid=1443229876&single=true&output=csv,bilancio-demografico-mensile-della-popolazione-residente-della-citta-di-matera-anno-2018,https://creativecommons.org/licenses/by/4.0/,http://publications.europa.eu/resource/authority/file-type/CSV,Riepilogo mensile incidenti stradali per numerosità feriti in csv,
http://dati.comune.matera.it/dataset/53b5b4f4-cc24-40a4-afe1-01e3d2939817/resource/a3a53aa8-4c10-4fea-ba88-346e1380ac7d,http://servizionline.comune.mt.it:80/atc/files/MATERA/avcp.csv,DetermineCSV,https://creativecommons.org/licenses/by/4.0/,http://publications.europa.eu/resource/authority/file-type/CSV,File in formato CSV,
http://dati.comune.matera.it/dataset/366c8268-267c-432c-ad1a-6f7beeb2b4f8/resource/57b83050-2e92-4fd4-b560-9f6a147df847,http://wgmatera.paesit.it/geoserver/wfs?typename=geonode%3Aaree_boscate&outputFormat=csv&version=1.0.0&request=GetFeature&service=WFS,csv,https://creativecommons.org/licenses/by/4.0/,http://publications.europa.eu/resource/authority/file-type/CSV,File in formato CSV,
http://dati.comune.matera.it/dataset/6c8c643e-a9bf-46b8-9785-54f44141fbf8/resource/9580a7d0-15cb-46fd-b289-e03309bcd72a,https://docs.google.com/spreadsheets/d/e/2PACX-1vTj3s9jj7shHskVEx4uox9IDn0TQomgYiZ8whfZbvOpvLqWkxrxVV17OCsoJrqmvfWSrG1n5GCZT1Qn/pub?gid=522415089&single=true&output=csv,B&B,https://creativecommons.org/licenses/by/4.0/,http://publications.europa.eu/resource/authority/file-type/CSV,File in formato CSV,
http://dati.comune.matera.it/dataset/14590314-ad58-488f-98a3-9c289c3325ea/resource/fc81502d-2bad-4f59-9a39-7bf205102e93,https://docs.google.com/spreadsheets/d/e/2PACX-1vSmgaHVVzjj2DanEYK8um9V-WiNyDMD5HF9_IUSQW7WN0-efKWLdtXmUaKATp09gzkN6ZPZPBbdmMq3/pub?gid=1387299694&single=true&output=csv,riepilogo-incidenti-stradali-anno-2017-avvenuti-nel-comune-di-matera,https://creativecommons.org/licenses/by/4.0/,http://publications.europa.eu/resource/authority/file-type/CSV,Tipologia sinistro in csv,
http://dati.comune.matera.it/dataset/6c8c643e-a9bf-46b8-9785-54f44141fbf8/resource/5928de95-e326-439c-a703-8a63849186b4,https://docs.google.com/spreadsheets/d/e/2PACX-1vTj3s9jj7shHskVEx4uox9IDn0TQomgYiZ8whfZbvOpvLqWkxrxVV17OCsoJrqmvfWSrG1n5GCZT1Qn/pub?gid=0&single=true&output=csv,Alberghi_Motel,https://creativecommons.org/licenses/by/4.0/,http://publications.europa.eu/resource/authority/file-type/CSV,File in formato CSV,
http://dati.comune.matera.it/dataset/8d90f5d5-f763-4600-b0a7-1c8b64ac13a1/resource/aaf9d6d5-d401-4205-8c26-fe1a61fe0e8c,https://goo.gl/dvVxYg,edicole csv,https://creativecommons.org/licenses/by/4.0/,http://publications.europa.eu/resource/authority/file-type/CSV,File in formato csv,
http://dati.comune.matera.it/dataset/b8aaaf85-ac9a-4706-87a3-ebf802a1e2c6/resource/036f5eb0-e935-4f5a-a02e-84f3ddf37fe8,https://goo.gl/YXTjpn,DatiDefinitiviCens2011AreeSubComunali.csv,https://creativecommons.org/licenses/by/4.0/,http://publications.europa.eu/resource/authority/file-type/CSV,Dati definitivi del Censimento Generale anno 2011 della città di Matera in csv,
http://dati.comune.matera.it/dataset/14590314-ad58-488f-98a3-9c289c3325ea/resource/0f29a654-ce39-49f2-a389-e30cf0b09cf0,https://docs.google.com/spreadsheets/d/e/2PACX-1vSmgaHVVzjj2DanEYK8um9V-WiNyDMD5HF9_IUSQW7WN0-efKWLdtXmUaKATp09gzkN6ZPZPBbdmMq3/pub?gid=1507319699&single=true&output=csv,riepilogo-incidenti-stradali-anno-2017-avvenuti-nel-comune-di-matera,https://creativecommons.org/licenses/by/4.0/,http://publications.europa.eu/resource/authority/file-type/CSV,Numerosità feriti per sinistro in csv,
http://dati.comune.matera.it/dataset/5109412a-a702-4e55-b401-3417910ead16/resource/99e648bc-b4b1-43c8-a7c0-8264d3655a80,https://goo.gl/8Dfq1D,Bilancio Demografico anno 2017 della città di Matera,https://creativecommons.org/licenses/by/4.0/,http://publications.europa.eu/resource/authority/file-type/CSV,Il dataset riassume i dati registrati nel movimento e calcolo mensile dei vari mesi dell'anno 2017 della popolazione residente ivi compresi i dati sui cittadini stranieri residenti nel nostro Comune. Il dataset é la fotografia della situazione calcolata al 31 Dicembre 2017. I dati sono ancora provvisori in quanto non convalidati dall'ISTAT.,
http://dati.comune.matera.it/dataset/aaa99898-8727-4595-8584-cc5881e4309a/resource/201eaa20-1a64-4154-8564-847eff967f11,http://dati.comune.matera.it/dataset/aaa99898-8727-4595-8584-cc5881e4309a/resource/201eaa20-1a64-4154-8564-847eff967f11/download/progetto_matera_cardiosicura-foglio1.csv,Postazioni_Defibrillatori,https://creativecommons.org/licenses/by/4.0/,http://publications.europa.eu/resource/authority/file-type/CSV,"Il dataset contiene la descrizione, l'ubicazione e la geo localizzazione dei luoghi nei quali sono stati installati i dieci defibrillatori del progetto ""Matera Cardiosicura"", promosso dell'Associazione Materana ""Amici del Cuore Onlus"" in collaborazione con il comune di Matera, le aziende Domar e Sapa e l'APT. Formato XLSX",
http://dati.comune.matera.it/dataset/f0b12c94-2afa-4f9e-a4b8-6ba1a6e2e40c/resource/137a124c-a5da-426f-a45a-bca12635b7bb,https://docs.google.com/spreadsheets/d/e/2PACX-1vRjgXM-jhFCj9FSoC3BWd7EYtOrwxU2HH1xDviGAz_r5sqaglQf6clOhqcMSj8YAbiZQSgffb4CfPvK/pub?gid=763661727&single=true&output=csv,zona-franca-urbana-del-comune-di-matera,https://creativecommons.org/licenses/by/4.0/,http://publications.europa.eu/resource/authority/file-type/CSV,Stradario della Zona Franca Urbana del comune di Matera su base Censimento Generale 2001 in csv,
http://dati.comune.matera.it/dataset/d8c6ae47-c7ff-4f3e-91b1-834331ad4c89/resource/c73d8c8c-e165-47ea-a9a9-50bd85749f33,https://docs.google.com/spreadsheets/d/e/2PACX-1vT7yW3Xg0wqTGXPf3pD2eRmgcCcl6ZGGR0Wq6bMCynRyoCExiHDdfoXpCTygsuervwqhD_28xsEpcuk/pub?output=csv,popolazione-residente-per-aree-sub-comunali-quartieri-al-31-12-2017-della-citta-di-matera,https://creativecommons.org/licenses/by/4.0/,http://publications.europa.eu/resource/authority/file-type/CSV,"Popolazione residente per fasce d'età, quartieri ed indici vari al 31.12.2017 in csv",
http://dati.comune.matera.it/dataset/44beed86-8a16-4fce-9123-058aa4e4dbcf/resource/f834f386-3bc5-46a9-b25a-bb654f32bb3e,http://dati.comune.matera.it/dataset/44beed86-8a16-4fce-9123-058aa4e4dbcf/resource/f834f386-3bc5-46a9-b25a-bb654f32bb3e/download/electricity.csv,electricity.csv,https://creativecommons.org/licenses/by/4.0/,http://publications.europa.eu/resource/authority/file-type/CSV,file in formato csv,
http://dati.comune.matera.it/dataset/20b2b560-8082-4e36-9e01-f37c2a4d58c2/resource/e4df634d-9217-43d4-b6fb-74c0480a8ae2,https://docs.google.com/spreadsheets/d/e/2PACX-1vRyng3n9BZbqiusYv2xRN2pMDeWPaaGA5chglTWA3xdEF9wGOscdIj3z-ujTTJzF2lLqIe8duFWsPHB/pub?output=csv,info-point-della-citta-di-matera,https://creativecommons.org/licenses/by/4.0/,http://publications.europa.eu/resource/authority/file-type/CSV,Elenco completo degli info point in csv,
http://dati.comune.matera.it/dataset/8026883e-b651-4ea9-a3fe-2c1b36918c97/resource/2f288d12-b63d-45f5-ad69-cc81fcc41093,https://docs.google.com/spreadsheets/d/e/2PACX-1vSnUOCcjZ6ThHSydHM53wXMiioLCBcwjLCj-c1bvMHY7xkf2siZt-HDv5nUCZA1qNC4wZiF16X1gCqS/pub?output=csv,elenco-pmi-e-professionisti-ammessi-alla-zfu-matera,https://creativecommons.org/licenses/by/4.0/,http://publications.europa.eu/resource/authority/file-type/CSV,Elenco PMI e liberi professionisti ammessi ai benefici previsti dalla Zona Franca Urbana del comune di Matera istituita ai sensi della Delibera CIPE N°14 dell’8 Maggio 2009 in csv.,
http://dati.comune.matera.it/dataset/086ff7dd-b21b-4832-86ee-dcda4e934096/resource/5d6403b4-1069-4c34-9bb4-ab7a0e94cfed,https://docs.google.com/spreadsheets/d/e/2PACX-1vSkUmYOzXD-xkMIstgmPzZF1MTgmHMku6BZxjR6iKL2mX7s6k0UfayfUHpKkQbH_teCzW1cClGEf1iD/pub?output=csv,aree-camper-aggiornate-al-2018-della-citta-di-matera,https://creativecommons.org/licenses/by/4.0/,http://publications.europa.eu/resource/authority/file-type/CSV,Elenco delle aree camper in csv,
http://dati.comune.matera.it/dataset/e4d149db-f003-4fde-a721-84bfcdd8cf81/resource/80b758d5-6088-4022-85d4-c915be05a5c8,https://goo.gl/kX8EDs,Numerosità dei feriti per sinistro,https://creativecommons.org/licenses/by/4.0/,http://publications.europa.eu/resource/authority/file-type/CSV,E' la sintesi del numero di feriti per sinistro ed anno in csv,
http://dati.comune.matera.it/dataset/e4d149db-f003-4fde-a721-84bfcdd8cf81/resource/6ba1be45-9863-4fb0-8940-824edef3b052,https://goo.gl/s4SNTe,RiepIncidentiStradTipologiaSinistri.csv,https://creativecommons.org/licenses/by/4.0/,http://publications.europa.eu/resource/authority/file-type/CSV,Riepilogo deglincidenti stradali per tipologia da Marzo 2007 in csv,
http://dati.comune.matera.it/dataset/79f95504-6fd6-468a-a864-7eedc55753b7/resource/a450e065-f065-482f-ae1e-e5250970ad75,http://goo.gl/dtTXsQ,residenti-per-quartiere-ed-area-geografica-di-appartenenza-provenienza,https://creativecommons.org/licenses/by/4.0/,http://publications.europa.eu/resource/authority/file-type/CSV,Residenti per Area Geografica di appartenenza e/o provenienza suddivisa per quartieri al 31.12.2016 in csv,
http://dati.comune.matera.it/dataset/57452a1a-de09-450c-8035-189b7a1a6f30/resource/f250cd1e-ae80-468e-aeca-88eca3ee9aea,https://docs.google.com/spreadsheets/d/e/2PACX-1vTV5FG7vfdAGYp-KfPNTZr3BGYl-GiicpApU43HQcUZWv0vusV0NKhSuSSJogLo2LUkfz1Afr4815nN/pub?gid=0&single=true&output=csv,DecessiCSV,https://creativecommons.org/licenses/by/4.0/,http://publications.europa.eu/resource/authority/file-type/CSV,File in formato CSV,
http://dati.comune.matera.it/dataset/e4d149db-f003-4fde-a721-84bfcdd8cf81/resource/800e8673-50dd-40f9-9f17-e5c53306861f,https://goo.gl/FWKCPh,RiepIncidentiStradTipoStradaAnno.csv,https://creativecommons.org/licenses/by/4.0/,http://publications.europa.eu/resource/authority/file-type/CSV,Riepilogo degli incidenti stradali per tipo strada ed anno in csv,
http://dati.comune.matera.it/dataset/43067fc7-2316-4787-925a-98f4ce6f3b78/resource/215cb552-a1b6-44ff-ac5c-5243035fceda,https://docs.google.com/spreadsheets/d/e/2PACX-1vR0G0UoZ-XHjM0RperhCzCdXG198xkmdvkogcY0X5evvLgMJGyCVDttg4J9f7a8qfG8uYtGtjsX5Bw9/pub?output=csv,casini-del-territorio-comunale-di-matera,https://creativecommons.org/licenses/by/4.0/,http://publications.europa.eu/resource/authority/file-type/CSV,Casini del territorio comunale di Matera in csv,
http://dati.comune.matera.it/dataset/14590314-ad58-488f-98a3-9c289c3325ea/resource/5fb11454-948b-4f22-a883-dba01b119a36,https://docs.google.com/spreadsheets/d/e/2PACX-1vSmgaHVVzjj2DanEYK8um9V-WiNyDMD5HF9_IUSQW7WN0-efKWLdtXmUaKATp09gzkN6ZPZPBbdmMq3/pub?gid=549249815&single=true&output=csv,riepilogo-incidenti-stradali-anno-2017-avvenuti-nel-comune-di-matera,https://creativecommons.org/licenses/by/4.0/,http://publications.europa.eu/resource/authority/file-type/CSV,Cause sinistro in csv,
http://dati.comune.matera.it/dataset/b335eb4c-9c0e-42d5-b67c-feae928fda8d/resource/2ab89cc0-3890-46b8-b24d-3c51c595afba,http://wgmatera.paesit.it/geoserver/wfs?typename=geonode%3Aedifici_strategici&outputFormat=csv&version=1.0.0&request=GetFeature&service=WFS&access_token=2519c9400c3f11e897f5a0d3c13eef1f,edifici_csv,https://creativecommons.org/licenses/by/4.0/,http://publications.europa.eu/resource/authority/file-type/CSV,Edifici strategici in formato CSV,
http://dati.comune.matera.it/dataset/d4ae999a-5aa1-47ee-8218-55272cb6a049/resource/ebed3ff0-8155-4a8b-a407-25d61f3c7f15,http://dati.comune.matera.it/dataset/d4ae999a-5aa1-47ee-8218-55272cb6a049/resource/ebed3ff0-8155-4a8b-a407-25d61f3c7f15/download/suonodellaclava.csv,suonodellaclava.csv,https://creativecommons.org/licenses/by/4.0/,http://publications.europa.eu/resource/authority/file-type/CSV,Georeferenziazione in formato CSV dei QR-CODE installati in Via Casalnuovo con relativo link YouTube (c),
http://dati.comune.matera.it/dataset/c1b4e337-6a08-4af5-ae81-a035a96d2922/resource/690af564-532c-45d6-bb76-1f4537b9f66d,https://docs.google.com/spreadsheets/d/e/2PACX-1vStJioWrx3sM00lny5OAlziYWKyaR5hNlc7YtvTPxYstWJIRAlC4uadriB0x9BQ3vI5zigRDPIt86-g/pub?output=csv,"NCC,motocarrozzette e taxi della città di Matera anno 2018",https://creativecommons.org/licenses/by/4.0/,http://publications.europa.eu/resource/authority/file-type/CSV,"Elenco degli NCC, Motocarrozzette e Taxi in csv",
http://dati.comune.matera.it/dataset/47fb065b-6bf5-4ba8-b2c2-c7b092cec357/resource/d204db9a-6a6a-48a5-bd0d-750b60dceb09,https://docs.google.com/spreadsheets/d/e/2PACX-1vRIDnMIpcz6rCBSNOnrIwNt_g4N-ndkvSWyEGcxCQkY3000ohE7fGdqdCTJt8ATiGcieIXGPLhqvKXo/pub?gid=0&single=true&output=csv,TerreniCSV,https://creativecommons.org/licenses/by/4.0/,http://publications.europa.eu/resource/authority/file-type/CSV,File in formato CSV,
http://dati.comune.matera.it/dataset/8afefc12-85e0-4e2f-8b11-733bb95b1bf7/resource/8b4bb4bf-2943-4b1c-b814-362d39fea85c,http://dati.comune.matera.it/dataset/8afefc12-85e0-4e2f-8b11-733bb95b1bf7/resource/8b4bb4bf-2943-4b1c-b814-362d39fea85c/download/stranieri2011.csv,Stranieriresidenti2011.csv,https://creativecommons.org/licenses/by/4.0/,http://publications.europa.eu/resource/authority/file-type/CSV,file csv,
http://dati.comune.matera.it/dataset/2244b77d-dc94-4b76-8fb0-5b79c0511745/resource/15a28413-cc64-4ab5-be94-821ae1c7fcf1,https://docs.google.com/spreadsheets/d/e/2PACX-1vT_iZTfGtQpRA5gZNPnMerxaLy_1w8u80lSt3rYArenprOJYQExVN5sDDR9m0YeBNM-SswE13THFJCB/pub?output=csv,distributori-di-carburante-al-2018-della-citta-di-matera,https://creativecommons.org/licenses/by/4.0/,http://publications.europa.eu/resource/authority/file-type/CSV,Elenco dei distributori di carburante in csv,
http://dati.comune.matera.it/dataset/c3b621c6-94d4-4ede-8ab3-f309a3d805f6/resource/2ea98968-4b86-410b-afd0-b9cb65d4cdfe,https://docs.google.com/spreadsheets/d/e/2PACX-1vSG1hBV-yOZwqdgd2YakRhmtu4nHIlTXNGAq9egIag47uzqIBX9DveNs3v_4sa8pEKtA2zGrA63ZVZ4/pub?gid=0&single=true&output=csv,IncarichiCSV,https://creativecommons.org/licenses/by/4.0/,http://publications.europa.eu/resource/authority/file-type/CSV,File in formato CSV,
http://dati.comune.matera.it/dataset/4757c9ae-5ebf-46cf-8bae-0901980db77e/resource/04cf8dd5-c9f2-46c0-bc8c-0d1d9bb250b2,https://docs.google.com/spreadsheets/d/e/2PACX-1vQvWfG8BPxw2BlaGvyEjBrvO1jDkVkG0N4kBhtpPdIyy9dUwP28XWRXp1DVo5d_qnCYkYY0ShvO9eas/pub?gid=682141325&single=true&output=csv,bilancio-mensile-incidenti-stradali-anno-2018-di-matera,https://creativecommons.org/licenses/by/4.0/,http://publications.europa.eu/resource/authority/file-type/CSV,Riepilogo mensile incidenti stradali per tipologia di strada in csv,
http://dati.comune.matera.it/dataset/ccebf9ab-ebf5-47f3-ac96-b3106fcac34c/resource/a54eeb76-9571-4f71-b2bb-04ab241faa24,https://goo.gl/QUUDpx,NCC Turistico-Commerciali con motocarrozzetta,https://creativecommons.org/licenses/by/4.0/,http://publications.europa.eu/resource/authority/file-type/CSV,Elenco degli NCC Turistico-Commerciali con motocarrozzetta in csv,
http://dati.comune.matera.it/dataset/da6b1c36-30c6-4673-9476-743504ca275e/resource/0598a2c5-4248-4874-bcda-bb9501b867a0,http://wgmatera.paesit.it/geoserver/wfs?typename=geonode%3Aambiti_2&outputFormat=csv&version=1.0.0&request=GetFeature&service=WFS&access_token=8d6401c04e2811e89733a0d3c13eef1f,csv,https://creativecommons.org/licenses/by/4.0/,http://publications.europa.eu/resource/authority/file-type/CSV,File in formato CSV,
http://dati.comune.matera.it/dataset/fd6122dd-587e-448b-8a79-6bff0bb90be6/resource/02962afa-59fd-486c-8aaf-2f6d88b65044,https://docs.google.com/spreadsheets/d/e/2PACX-1vT1COWSvCGK2uegZkURWuDr42ugkx4x9DfKhX-CUrsqpVwbb9VzLsgJsOSHSNAexsVVQiMb7qnnjWh1/pub?output=csv,incassi-mensili-ingiunzioni-polizia-locale,https://creativecommons.org/licenses/by/4.0/,http://publications.europa.eu/resource/authority/file-type/CSV,Incassi mensili a seguito di ingiunzioni dei verbali della Polizia Locale di Matera per ogni mese dell'anno 2018 in csv.,
http://dati.comune.matera.it/dataset/f35843e5-1644-416c-81d4-b771ca265615/resource/d514c669-6df5-4aba-831a-dcb50999c9df,https://docs.google.com/spreadsheets/d/e/2PACX-1vQBio02FgN9L8gx-bjPsWlNb79KePNcSCPdGWyCVhNhKU2L6TaMA2JVz5Pfz7tnG7_6_FWgjhh58-7r/pub?output=csv,servizi-igienici-pubblici-2018-della-citta-di-matera,https://creativecommons.org/licenses/by/4.0/,http://publications.europa.eu/resource/authority/file-type/CSV,Elenco geolocalizzato dei servizi igienici pubblici in csv.,
http://dati.comune.matera.it/dataset/47fb065b-6bf5-4ba8-b2c2-c7b092cec357/resource/b3e8f27e-facf-414a-8ccf-1c0b30fd4d29,https://docs.google.com/spreadsheets/d/e/2PACX-1vRIDnMIpcz6rCBSNOnrIwNt_g4N-ndkvSWyEGcxCQkY3000ohE7fGdqdCTJt8ATiGcieIXGPLhqvKXo/pub?gid=413610949&single=true&output=csv,FabbricatiCSV,https://creativecommons.org/licenses/by/4.0/,http://publications.europa.eu/resource/authority/file-type/CSV,File in formato CSV,
http://dati.comune.matera.it/dataset/b335eb4c-9c0e-42d5-b67c-feae928fda8d/resource/ab4c2fe4-a75e-4405-a833-b1d508e39642,http://wgmatera.paesit.it/geoserver/wfs?typename=geonode%3Aaree_di_accoglienza&outputFormat=csv&version=1.0.0&request=GetFeature&service=WFS&access_token=2c49a60008bf11e8a069a0d3c13eef1f,accoglienza_csv,https://creativecommons.org/licenses/by/4.0/,http://publications.europa.eu/resource/authority/file-type/CSV,File delle Aree di accoglienza in formato CSV,
http://dati.comune.matera.it/dataset/4757c9ae-5ebf-46cf-8bae-0901980db77e/resource/c62a7f60-8813-410c-8d4b-a40991f86d58,https://docs.google.com/spreadsheets/d/e/2PACX-1vQvWfG8BPxw2BlaGvyEjBrvO1jDkVkG0N4kBhtpPdIyy9dUwP28XWRXp1DVo5d_qnCYkYY0ShvO9eas/pub?gid=1068628440&single=true&output=csv,bilancio-mensile-incidenti-stradali-anno-2018-di-matera,https://creativecommons.org/licenses/by/4.0/,http://publications.europa.eu/resource/authority/file-type/CSV,Riepilogo per tipologia di sinistro in csv,
http://dati.comune.matera.it/dataset/537c1138-4c5f-41bb-aec8-862954b67b28/resource/033c8bf3-e65c-4c71-aee0-c6547e1ed5f7,https://docs.google.com/spreadsheets/d/e/2PACX-1vT6GDZNWIJgVmd3GLlEL4dPA-B_VkatLA--B4EPWhvTYRs8u244QXeaE8Ij7ikJsuUj9oyBnvH6OAGL/pub?gid=67122230&single=true&output=csv,RegistroCSV,https://creativecommons.org/licenses/by/4.0/,http://publications.europa.eu/resource/authority/file-type/CSV,Registro impianti in formato CSV,
http://dati.comune.matera.it/dataset/e4d149db-f003-4fde-a721-84bfcdd8cf81/resource/9813389c-fef9-40b3-88aa-45de9f3c787d,https://goo.gl/M1azG4,RiepMeseAnno.csv,https://creativecommons.org/licenses/by/4.0/,http://publications.europa.eu/resource/authority/file-type/CSV,Il dataset contiene i dati complessivi degli incidenti stradali per mese ed anno da Marzo 2007 in csv,
http://dati.comune.matera.it/dataset/b335eb4c-9c0e-42d5-b67c-feae928fda8d/resource/a3c84205-e675-4207-b6ec-35c31d9cd7f9,http://wgmatera.paesit.it/geoserver/wfs?typename=geonode%3Aviabilita_di_emergenza&outputFormat=csv&version=1.0.0&request=GetFeature&service=WFS&access_token=23a419300c3f11e8b13fa0d3c13eef1f,viabilita_csv,https://creativecommons.org/licenses/by/4.0/,http://publications.europa.eu/resource/authority/file-type/CSV,Viabilità di emergenza in formato CSV,
http://dati.comune.matera.it/dataset/09b27622-c313-4db7-b952-ba0f5aac69fb/resource/75a5ed9c-bbd1-4f9e-88b1-e708b7b1777b,http://wgmatera.paesit.it/geoserver/wfs?typename=geonode%3Acomponenti_sistemi&outputFormat=csv&version=1.0.0&request=GetFeature&service=WFS&access_token=d6a02d004e2811e89314a0d3c13eef1f,csv,https://creativecommons.org/licenses/by/4.0/,http://publications.europa.eu/resource/authority/file-type/CSV,File in formato CSV,
http://dati.comune.matera.it/dataset/db1b359a-b003-4f4e-81b1-6ca966d6b0d1/resource/5dfe706d-dc57-4fec-b7be-606bf021a4b4,https://docs.google.com/spreadsheets/d/e/2PACX-1vT8mCdZB1UyuxY0BP1n8ENY6C-7UXMQig5NYffIkGuccu1U5XaFoonLhjdxkCM4rBfK3csSeZQsOrTp/pub?gid=1419045272&single=true&output=csv,quadro-riepilogativo-delle-grandi-cause-di-morte-anno-2017-della-citta-di-matera,https://creativecommons.org/licenses/by/4.0/,http://publications.europa.eu/resource/authority/file-type/CSV,Valori assoluti M/F in csv,
http://dati.comune.matera.it/dataset/8afefc12-85e0-4e2f-8b11-733bb95b1bf7/resource/5095994c-93b7-4898-829c-e174a75aafae,http://dati.comune.matera.it/dataset/8afefc12-85e0-4e2f-8b11-733bb95b1bf7/resource/5095994c-93b7-4898-829c-e174a75aafae/download/seriestranieri2012.csv,stranieriresidentipercentuali2012.csv,https://creativecommons.org/licenses/by/4.0/,http://publications.europa.eu/resource/authority/file-type/CSV,Popolazione straniera residente per nazionalità e sesso al 31/12/2012 in valore %.,
http://dati.comune.matera.it/dataset/a2db594a-c361-4cdc-9bc3-e29f8c2974d0/resource/6a7c0166-3114-4d69-addd-fa460c1306bb,https://docs.google.com/spreadsheets/d/e/2PACX-1vQjUcXjJaJk7M1yvbHyKTOvrXJ1iCKfM3J9egBZiQxq4HzSZkgTHLPqSfjStsc2Qj_8AslFt_WVJQaN/pub?gid=0&single=true&output=csv,Ortopedia.csv,https://creativecommons.org/licenses/by/4.0/,http://publications.europa.eu/resource/authority/file-type/CSV,File in formato CSV,
http://dati.comune.matera.it/dataset/b8aaaf85-ac9a-4706-87a3-ebf802a1e2c6/resource/956f63dc-b04a-47c5-9668-421210785f26,http://dati.comune.matera.it/dataset/b8aaaf85-ac9a-4706-87a3-ebf802a1e2c6/resource/956f63dc-b04a-47c5-9668-421210785f26/download/data.csv,data.csv,https://creativecommons.org/licenses/by/4.0/,http://publications.europa.eu/resource/authority/file-type/CSV,File CSV per infografica,
http://dati.comune.matera.it/dataset/4a268126-a6ca-43ad-8407-754cb6e20ff8/resource/2419f36c-8021-47c2-907d-f8e9b201bc16,https://docs.google.com/spreadsheets/d/e/2PACX-1vRNxs44I_QE0F0hxDFSCDYYiQvLtmpeeBOwgjde-NTBytHbDXrOmT1InRdOkY5waaxFlIbdKedKdL9A/pub?output=csv,Movimento demografico mensile della popolazione residente anno 2018,https://creativecommons.org/licenses/by/4.0/,http://publications.europa.eu/resource/authority/file-type/CSV,Movimento Demografico Mensile della città di Matera anno 2018 in csv,
http://dati.comune.matera.it/dataset/2c43c00d-ebe7-4bee-be10-5224704ed100/resource/906ce264-f0a4-46c1-8ab0-ac75b8d38022,https://goo.gl/RKHDt5,istruzione-superiore-pubblica-della-citta-di-matera-a-s-2017-2018,https://creativecommons.org/licenses/by/4.0/,http://publications.europa.eu/resource/authority/file-type/CSV,"Scuole Superiori e del Conservatorio Musicale ""E. R. DUNI"" della ns. Città per il presente anno scolasticoin csv",
http://dati.comune.matera.it/dataset/bd57ba01-b574-4711-9396-aab11ef4f831/resource/16311fcb-76d7-4714-b970-d758808e2d34,http://wgmatera.paesit.it/geoserver/wfs?typename=geonode%3Aaree_percorse_da_fuoco&outputFormat=csv&version=1.0.0&request=GetFeature&service=WFS&access_token=a966fc2108bd11e8919aa0d3c13eef1f,csv,https://creativecommons.org/licenses/by/4.0/,http://publications.europa.eu/resource/authority/file-type/CSV,File in formato CSV,
http://dati.comune.matera.it/dataset/a57908cc-8dd3-4821-8b3f-4bb923f25a3f/resource/1d609d86-33bf-474f-9483-346654de29cd,https://docs.google.com/spreadsheets/d/e/2PACX-1vTIBK4i8UhjBm5Ti_XRTzObMKfvhxqeQV6DUqKd3vvDqCSYGKQo0_OQ7QTp8w4nogYahNeG7XRaflmJ/pub?output=csv,sportelli-bancari-nella-citta-di-matera,https://creativecommons.org/licenses/by/4.0/,http://publications.europa.eu/resource/authority/file-type/CSV,Elenco aggiornato degli sportelli bancari in csv,
http://dati.comune.matera.it/dataset/f6cdc34b-83ca-4173-8b66-5e8e701d8a45/resource/bd5f8946-0096-42f2-a94a-e2e18a7ae298,https://docs.google.com/spreadsheets/d/e/2PACX-1vSqiSJXhCV6tAM8kVWsK-zj4_bE8dY6isywW1IwE2innGKgfRv82gtfacpDTfHd7oJVrXKkgJlt4Yrj/pub?gid=0&single=true&output=csv,ConsulenzeCSV,https://creativecommons.org/licenses/by/4.0/,http://publications.europa.eu/resource/authority/file-type/CSV,File in formato CSV,
http://dati.comune.matera.it/dataset/14590314-ad58-488f-98a3-9c289c3325ea/resource/416ac4e2-951e-4c8b-8e84-12dc7fb281cb,https://docs.google.com/spreadsheets/d/e/2PACX-1vSmgaHVVzjj2DanEYK8um9V-WiNyDMD5HF9_IUSQW7WN0-efKWLdtXmUaKATp09gzkN6ZPZPBbdmMq3/pub?gid=1536678746&single=true&output=csv,riepilogo-incidenti-stradali-anno-2017-tipo-strada_csv,https://creativecommons.org/licenses/by/4.0/,http://publications.europa.eu/resource/authority/file-type/CSV,Tipo strada in csv,
http://dati.comune.matera.it/dataset/91d361e3-a71b-4e56-86f0-6ddbfb69258b/resource/05876836-f467-4895-accb-bc6f245dded8,http://wgmatera.paesit.it/geoserver/wfs?typename=geonode%3Asezioni_istat_2011&outputFormat=csv&version=1.0.0&request=GetFeature&service=WFS&access_token=95c00621337511e8abdea0d3c13eef1f,CSV,https://creativecommons.org/licenses/by/4.0/,http://publications.europa.eu/resource/authority/file-type/CSV,File in formato CSV,
http://dati.comune.matera.it/dataset/44beed86-8a16-4fce-9123-058aa4e4dbcf/resource/31560fdb-c0e1-4a82-8bf0-e5158142aa54,http://dati.comune.matera.it/dataset/44beed86-8a16-4fce-9123-058aa4e4dbcf/resource/31560fdb-c0e1-4a82-8bf0-e5158142aa54/download/gas.csv,gas.csv,https://creativecommons.org/licenses/by/4.0/,http://publications.europa.eu/resource/authority/file-type/CSV,file in formato csv,
http://dati.comune.matera.it/dataset/61705d80-c101-4848-b52c-913fd29b2366/resource/9c5df3aa-8566-482c-b5a4-0eb719005be5,http://wgmatera.paesit.it/geoserver/wfs?typename=geonode%3Alimiti_interventi_1&outputFormat=csv&version=1.0.0&request=GetFeature&service=WFS&access_token=1c0fe2612e2911e8a500a0d3c13eef1f,csv,https://creativecommons.org/licenses/by/4.0/,http://publications.europa.eu/resource/authority/file-type/CSV,File in formato CSV,
http://dati.comune.matera.it/dataset/3f732626-d3e3-41b3-8356-bf215b618016/resource/84d7322e-7035-4ab3-9388-5a36038e0d84,https://docs.google.com/spreadsheets/d/e/2PACX-1vRZDgRZ8h5TCUru1TDrYdQfgZCSQWJyA4cEp6m4bt8MRKWfqGXlqvRxMpQgaPYUcpLkxVZOAE8aqiv6/pub?gid=690587608&single=true&output=csv,registro-degli-accessi-civici-2018-2019,https://creativecommons.org/licenses/by/4.0/,http://publications.europa.eu/resource/authority/file-type/CSV,Registro in formato CSV,
http://dati.comune.matera.it/dataset/82dac97d-89c2-4b42-824d-c50d3b6893c0/resource/7c4ab61a-5840-469c-b41d-928bedb22506,http://wgmatera.paesit.it/geoserver/wfs?typename=geonode%3Alimite_rione_sassi&outputFormat=csv&version=1.0.0&request=GetFeature&service=WFS&access_token=35dd11612af311e8a75ea0d3c13eef1f,csv,https://creativecommons.org/licenses/by/4.0/,http://publications.europa.eu/resource/authority/file-type/CSV,File in formato CSV,
http://dati.comune.matera.it/dataset/b3e7e96e-24c5-4b4b-b3b4-af332a43780c/resource/e3287c19-ef51-4e0d-9692-6b00d4e22c9e,https://docs.google.com/spreadsheets/d/e/2PACX-1vTccHv9mYddJFPl0WB_Ppxc0x1NT7ZCCU8jqxbkELhVhB3hQzBXc0ukDLj64g8zimhZkZ45DCaikYYL/pub?output=csv,nuovo-stradario-della-citta-di-matera,https://creativecommons.org/licenses/by/4.0/,http://publications.europa.eu/resource/authority/file-type/CSV,Nuovo Stradario della città di Matera in csv,
http://dati.comune.matera.it/dataset/cb15c595-cdf6-45d6-b882-f22c896efd63/resource/28cc6412-9079-4e7b-9559-8954fbf26d7e,http://servizionline.comune.mt.it:80/atc/files/MATERA/art15c12.csv,art15c12CSV,https://creativecommons.org/licenses/by/4.0/,http://publications.europa.eu/resource/authority/file-type/CSV,File in formato CSV permanentemente alimentato da Albo Pretorio,
http://dati.comune.matera.it/dataset/8afefc12-85e0-4e2f-8b11-733bb95b1bf7/resource/8c9f4c2c-78da-46b2-9efd-de7e2458d7a6,http://dati.comune.matera.it/dataset/8afefc12-85e0-4e2f-8b11-733bb95b1bf7/resource/8c9f4c2c-78da-46b2-9efd-de7e2458d7a6/download/stranieri2010.csv,Stranieriresidenti2010.csv,https://creativecommons.org/licenses/by/4.0/,http://publications.europa.eu/resource/authority/file-type/CSV,Popolazione straniera residente per nazionalità e sesso al 31/12/2010. I dati di fonte ISTAT sono elaborati dall'Ufficio Statistica.,
http://dati.comune.matera.it/dataset/5cb929be-9fb2-424c-adb8-d482f4b0158a/resource/e637612a-8d99-46cd-a698-4333e5295f84,https://docs.google.com/spreadsheets/d/e/2PACX-1vTMPmn8JVYseajL-eVTZg9o1MIW4FKZSAJLhWSJDZvv1BNsTEzVSIInIat7RaVW5vxNFPeQG6FBVIFG/pub?output=csv,Istr_Superiore_Pubblica_A.S.2018-2019,https://creativecommons.org/licenses/by/4.0/,http://publications.europa.eu/resource/authority/file-type/CSV,Scuole superiori della Città in csv,
http://dati.comune.matera.it/dataset/85a11368-b89b-4605-b3a3-40897bad802a/resource/654fa611-546e-43b8-a97c-ac70d5e53d3b,http://dati.comune.matera.it/dataset/85a11368-b89b-4605-b3a3-40897bad802a/resource/654fa611-546e-43b8-a97c-ac70d5e53d3b/download/memorie.csv,memorie.csv,https://creativecommons.org/licenses/by-sa/4.0/,http://publications.europa.eu/resource/authority/file-type/CSV,File in formato tabellare riferito ai reportage realizzati da Cinefabrica nell'ambito del progetto <b>Cinema ambulante - memori in viaggio</b>,
http://dati.comune.matera.it/dataset/41eca07c-a9e4-4df1-b6a5-c9153185192c/resource/34074769-c702-441d-a5a5-0a7b09d29435,https://docs.google.com/spreadsheets/d/e/2PACX-1vTkKNNgGLmBTXJVEsPWHSx_aix57bTdernEIoVk7njmHX1bAnl_dTcPT8ULqntB3OxR2qDAreLaUZ7N/pub?output=csv,PubbliciEsercizi.csv,https://creativecommons.org/licenses/by/4.0/,http://publications.europa.eu/resource/authority/file-type/CSV,File in formato CSV,
http://dati.comune.matera.it/dataset/609d3280-b1fb-4c35-89d2-91d6627e4088/resource/91ef89fb-9167-4a9f-ad59-bca37371977d,https://docs.google.com/spreadsheets/d/e/2PACX-1vSfv0EoarRDgfi2Lr7RIta90-U4M0edXWbbdcLdxMHkodRCs1kT8Enm0_xEQXIp8qcWoFivGE2DgWX2/pub?output=csv,incassi-mensili-per-ogni-mese-dell-anno-2018-della-polizia-locale-di-matera,https://creativecommons.org/licenses/by/4.0/,http://publications.europa.eu/resource/authority/file-type/CSV,Incassi mensili dei verbali elevati dalla Polizia Locale di Matera per ogni mese dell'anno 2018 in csv,
http://dati.comune.matera.it/dataset/22fa48f5-d216-4f55-93f0-6caf12e0b5d8/resource/6ad9c0d0-41f6-4581-a274-6d5f52f95467,https://docs.google.com/spreadsheets/d/e/2PACX-1vQx6xLrbSZIrZx0p3n7Tjy3nnkxp_gVRRMW8s8KZilYs3Qkz-LwHXYWjpCaoQApjQSfOxpn6hhqaMbn/pub?output=csv,parcheggi-e-numero-di-posti-auto-della-città-di-matera,https://creativecommons.org/licenses/by/4.0/,http://publications.europa.eu/resource/authority/file-type/CSV,Elenco geolocalizzato dei parcheggi pubblici e privati in csv,
http://dati.comune.matera.it/dataset/289125f2-0741-434a-898e-e88d8b6b6786/resource/f2d755ea-1235-4c29-b7e0-68dbfca10fe4,https://docs.google.com/spreadsheets/d/e/2PACX-1vQLXbXDR-KCs32EMPG6XtDZ_IZFiZok47xGnk23M0BnjQGkJctf7_r3ZIukaLBltglhpCiyNcakAHTo/pub?output=csv,residenti-per-quartiere-ed-area-geografica-di-appartenenza-al-31-12-2017,https://creativecommons.org/licenses/by/4.0/,http://publications.europa.eu/resource/authority/file-type/CSV,Residenti per quartiere ed area geografica in csv,
http://dati.comune.matera.it/dataset/0f303fb1-a071-4162-969e-e5086e047414/resource/00378640-3d64-46f0-b5aa-c00b6faa0c9b,https://docs.google.com/spreadsheets/d/e/2PACX-1vTpiDBcVIBKQAf-RroPzDibmANob5M3X9auJx3DbP_aLRwqdpLPrgwm9aqdjdfpE1B8_oTfowVrvkNS/pub?output=csv,cantine-del-territorio-del-comune-di-matera,https://creativecommons.org/licenses/by/4.0/,http://publications.europa.eu/resource/authority/file-type/CSV,Cantine del territorio del comune di Matera in csv,
http://dati.comune.matera.it/dataset/6be3e3db-3df1-4322-ad20-68321ce8e1ba/resource/c5e76b97-7bb7-4424-a9e9-c4b2a595a651,http://dati.comune.matera.it/dataset/6be3e3db-3df1-4322-ad20-68321ce8e1ba/resource/c5e76b97-7bb7-4424-a9e9-c4b2a595a651/download/federalismodemaniale.csv,FederalismoDemaniale.csv,https://creativecommons.org/licenses/by/4.0/,http://publications.europa.eu/resource/authority/file-type/CSV,"Elenco dei Beni Demaniali trasferiti al Patrimonio del Comune di Matera a titolo non oneroso ai sensi del D.L. 21 giugno 2013 n.69, convertito nella Legge 9 luglio 2013 n.98, art. 56 bis in csv",
http://dati.comune.matera.it/dataset/6c8c643e-a9bf-46b8-9785-54f44141fbf8/resource/82e8bce8-ea22-4598-b527-0735d35562fb,https://docs.google.com/spreadsheets/d/e/2PACX-1vTj3s9jj7shHskVEx4uox9IDn0TQomgYiZ8whfZbvOpvLqWkxrxVV17OCsoJrqmvfWSrG1n5GCZT1Qn/pub?gid=1017839476&single=true&output=csv,Affittacamere,https://creativecommons.org/licenses/by/4.0/,http://publications.europa.eu/resource/authority/file-type/CSV,File in formato CSV,
http://dati.comune.matera.it/dataset/89f99ac7-eb8f-4834-92bf-be00a2551cc2/resource/b9d7debd-49d5-4d8d-a7a4-462460e82f72,http://dati.comune.matera.it/dataset/89f99ac7-eb8f-4834-92bf-be00a2551cc2/resource/b9d7debd-49d5-4d8d-a7a4-462460e82f72/download/indicevecchiaiapopmatera2001-2012.csv,indicivecchiaiapopmatera2001-2012.csv,https://creativecommons.org/licenses/by/4.0/,http://publications.europa.eu/resource/authority/file-type/CSV,File in formato CSV,
http://dati.comune.matera.it/dataset/c1713215-00d0-457e-abee-0c7138befb16/resource/a713b892-4e9f-4b79-bb90-fbee841f0412,https://docs.google.com/spreadsheets/d/e/2PACX-1vQWMcO4sAEiA-qUQ73kpqTBV6q5B3SXvRGCNY9lmUGPKrcVmgUjvsF5VIdq1YgywQCdIDV0CpSFmSLf/pub?output=csv,"residenti per età, sesso e quartieri",https://creativecommons.org/licenses/by/4.0/,http://publications.europa.eu/resource/authority/file-type/CSV,"Popolazione residente per età, sesso e quartieri della Città al 31.12.2017 in csv",
http://dati.comune.matera.it/dataset/8afefc12-85e0-4e2f-8b11-733bb95b1bf7/resource/2c05e076-61aa-4ee5-a5ed-0813ab3d76a8,http://dati.comune.matera.it/dataset/8afefc12-85e0-4e2f-8b11-733bb95b1bf7/resource/2c05e076-61aa-4ee5-a5ed-0813ab3d76a8/download/stranieri2012.csv,Stranieriresidenti2012.csv,https://creativecommons.org/licenses/by/4.0/,http://publications.europa.eu/resource/authority/file-type/CSV,Popolazione straniera residente per nazionalità e sesso al 31/12/2012 in valori assoluti.,
http://dati.comune.matera.it/dataset/330c3c86-4e34-41fb-9369-e8841687c4c1/resource/27cb1ffc-6c8c-45ee-be70-8a0d0ddc84e7,http://wgmatera.paesit.it/geoserver/wfs?typename=geonode%3Afascia_di_rispetto_cimiteriale&outputFormat=csv&version=1.0.0&request=GetFeature&service=WFS&access_token=1b27d6e12e2a11e8894aa0d3c13eef1f,csv,https://creativecommons.org/licenses/by/4.0/,http://publications.europa.eu/resource/authority/file-type/CSV,File in formato CSV,
http://dati.comune.matera.it/dataset/96ef74d3-2277-4280-ba28-c5ea44e8ffb1/resource/6555041b-d34f-4e0b-9f0a-c570c2682368,https://docs.google.com/spreadsheets/d/e/2PACX-1vS4PROhAN-9yQ4g8RVTPCxVJN0Q3k5lxflEOi-5NRklB-Vv-SnJZVVZC9CCC36fhiVztJoI9aDzxtRC/pub?output=csv,Istr_Inferiore_Pubblica_A.S.2018-19,https://creativecommons.org/licenses/by/4.0/,http://publications.europa.eu/resource/authority/file-type/CSV,"Alunni delle Scuole dell'Infanzia, Primarie e Secondarie di primo grado raggruppati per classi e plessi scolastici con i relativi indirizzi in csv",
http://dati.comune.matera.it/dataset/f602de9c-5fe9-46f4-adbb-1a35507dc452/resource/917f2ef8-e30f-4ea8-8947-f9dd34092c3c,http://dati.comune.matera.it/dataset/f602de9c-5fe9-46f4-adbb-1a35507dc452/resource/917f2ef8-e30f-4ea8-8947-f9dd34092c3c/download/immobilicomunalioggettodidismissione.csv,immobilicomunalioggettodidismissione,https://creativecommons.org/licenses/by/4.0/,http://publications.europa.eu/resource/authority/file-type/CSV,File in formato CSV,
http://dati.comune.matera.it/dataset/4757c9ae-5ebf-46cf-8bae-0901980db77e/resource/7008fa0e-f4e4-4eef-a54f-207e8d5e0276,https://docs.google.com/spreadsheets/d/e/2PACX-1vQvWfG8BPxw2BlaGvyEjBrvO1jDkVkG0N4kBhtpPdIyy9dUwP28XWRXp1DVo5d_qnCYkYY0ShvO9eas/pub?gid=410461662&single=true&output=csv,bilancio-mensile-incidenti-stradali-anno-2018-di-matera,https://creativecommons.org/licenses/by/4.0/,http://publications.europa.eu/resource/authority/file-type/CSV,Riepilogo incidenti stradali per causa sinistro in csv,
http://dati.comune.matera.it/dataset/b4cda862-d2a7-478b-8da4-c4873ea07a1b/resource/ff2a8763-48e0-49e6-9dfc-2c3f0ac190cd,http://wgmatera.paesit.it/geoserver/wfs?typename=geonode%3Adestinazioni&outputFormat=csv&version=1.0.0&request=GetFeature&service=WFS&access_token=b81030c04e2711e8bb21a0d3c13eef1f,csv,https://creativecommons.org/licenses/by/4.0/,http://publications.europa.eu/resource/authority/file-type/CSV,File in formato CSV,
http://dati.comune.matera.it/dataset/e34b0f39-5b05-4938-934c-6146c6555739/resource/6dee3b28-a43d-4413-be42-421bf6d33574,https://docs.google.com/spreadsheets/d/e/2PACX-1vT2yZocdKjFfLwqeGQixR1YpqpLI0TKzrOkkOXCecYn4fG1iXKy-bnwPnha0jT_icrUPSC0cS9y-3Ra/pub?output=csv,incidenti-dell-anno-2018-per-mese-e-territorio,https://creativecommons.org/licenses/by/4.0/,http://publications.europa.eu/resource/authority/file-type/CSV,Riepilogo mensile degli incidenti stradali per territorio in csv,
http://dati.comune.matera.it/dataset/f602de9c-5fe9-46f4-adbb-1a35507dc452/resource/531f0cb8-2d9f-4cb2-90d9-562bbc98ad47,http://dati.comune.matera.it/dataset/f602de9c-5fe9-46f4-adbb-1a35507dc452/resource/531f0cb8-2d9f-4cb2-90d9-562bbc98ad47/download/fondirusticioggettodialienazione.csv,fondirusticioggettodialineazione.csv,https://creativecommons.org/licenses/by/4.0/,http://publications.europa.eu/resource/authority/file-type/CSV,file in formato csv,
http://dati.comune.matera.it/dataset/336eca4f-2678-4237-b126-4139eb450273/resource/2750c8bf-276f-4c0c-bf8d-e31f92a48d55,https://docs.google.com/spreadsheets/d/e/2PACX-1vTyrTSdcYbsWylCY2n-aftBtup5KyXO4_M_kvM08a5W7CbxLsbwd4EJdT3Vz1XE_bZyRjzY4wisRAdX/pub?output=csv,stazioni-ferroviarie-e-autobus-2018,https://creativecommons.org/licenses/by/4.0/,http://publications.europa.eu/resource/authority/file-type/CSV,Elenco delle stazioni ferroviarie e degli autobus in csv,
http://dati.comune.matera.it/dataset/de31ec4a-7d52-4fe9-9ef3-a88461ff8b66/resource/b04df261-a95e-4624-9dc6-924580c2c1cc,https://docs.google.com/spreadsheets/d/e/2PACX-1vRIiiTyLpbmZZ2FQIwDiANh2t42-CAp8vMdIFi6sHOuLALRTjpGZkzzSnJkmw-veEm2m34odc20hS2J/pub?output=csv,programmazione-risorse-legge-205-2017-matera-progetti-approvati,https://creativecommons.org/licenses/by/4.0/,http://publications.europa.eu/resource/authority/file-type/CSV,Elenco dei progetti approvati in CSV con link alle cartelle dei progetti in PDF,
http://dati.comune.matera.it/dataset/6c8c643e-a9bf-46b8-9785-54f44141fbf8/resource/7de65a45-3cda-4a51-b41f-fa04188bb3bc,https://docs.google.com/spreadsheets/d/e/2PACX-1vTj3s9jj7shHskVEx4uox9IDn0TQomgYiZ8whfZbvOpvLqWkxrxVV17OCsoJrqmvfWSrG1n5GCZT1Qn/pub?gid=1730373720&single=true&output=csv,Altro_varie,https://creativecommons.org/licenses/by/4.0/,http://publications.europa.eu/resource/authority/file-type/CSV,File in formato CSV,
http://dati.comune.matera.it/dataset/1205f95f-a067-4177-8f72-a8a659bf0ef5/resource/d6b8297c-d52f-42e9-af50-aea063e628f4,https://goo.gl/XX2wbC,CSV,https://creativecommons.org/licenses/by/4.0/,http://publications.europa.eu/resource/authority/file-type/CSV,I dati catastali riportati sono stati rilevati al momento dell'esproprio e potrebbero essere stati variati successivamente alla stipula delle convenzioni fra Agenzia del Demanio e Comune di Matera. File in formato CSV.,
http://dati.comune.matera.it/dataset/c6c09edc-199e-466e-8e44-1ee5c8479869/resource/52955b31-0271-4638-b78e-9b8aefa09c06,https://docs.google.com/spreadsheets/d/e/2PACX-1vQgLrD25kjeZ3JjXgKXe2RpDd4a0urzOZhZ3RSP9m9Hbfql8D0AaG0rSTVf_noAQ4q4OP9T-qa8x8PB/pub?output=csv,masserie-del-territorio-di-matera,https://creativecommons.org/licenses/by/4.0/,http://publications.europa.eu/resource/authority/file-type/CSV,Masserie del territorio di Matera in csv,
http://dati.comune.matera.it/dataset/b335eb4c-9c0e-42d5-b67c-feae928fda8d/resource/b5c4f859-3d47-464f-accb-58256f235e17,http://wgmatera.paesit.it/geoserver/wfs?typename=geonode%3Azone_di_confluenza&outputFormat=csv&version=1.0.0&request=GetFeature&service=WFS&access_token=623caf0008bf11e89e77a0d3c13eef1f,zoneconfluenza_csv,https://creativecommons.org/licenses/by/4.0/,http://publications.europa.eu/resource/authority/file-type/CSV,File delle Zone di confluenza in formato CSV,
http://dati.comune.matera.it/dataset/b487da17-30f8-4ce4-84bf-be00e50fdae8/resource/a1ca7fdc-7ee7-4e66-a58e-5fc33ce80755,https://docs.google.com/spreadsheets/d/e/2PACX-1vTzONQ5Q1yI_rlP39o1lmV0GYRWnHevo85gCeSjqS9ckBVKotA8EAYYGkoQUcHEsFmJFEOSBOOdLujk/pub?output=csv,servizi-di-soccorso-pubblico-2018-della-citta-di-matera,https://creativecommons.org/licenses/by/4.0/,http://publications.europa.eu/resource/authority/file-type/CSV,Elenco delle strutture del soccorso pubblico in csv,
http://dati.comune.matera.it/dataset/aafcf6cf-29cc-40d2-83f3-6097c0e1711f/resource/8f2bc04a-6991-4ffe-9849-02c7067f1b04,https://docs.google.com/spreadsheets/d/e/2PACX-1vTQjmCgbgXkSnK0GIc8zDkJ_CLH3_e87Y3nbI-V0ReGmrh9wVdP2t8Whjtlg50y8Aicy8yPmAKTnz1y/pub?output=csv,jazzi-del-comune-di-matera,https://creativecommons.org/licenses/by/4.0/,http://publications.europa.eu/resource/authority/file-type/CSV,Jazzi nel territorio di Matera in csv,
http://dati.comune.matera.it/dataset/8afefc12-85e0-4e2f-8b11-733bb95b1bf7/resource/a62c417f-0507-4161-8947-3b4460c904d2,http://dati.comune.matera.it/dataset/8afefc12-85e0-4e2f-8b11-733bb95b1bf7/resource/a62c417f-0507-4161-8947-3b4460c904d2/download/stranieriresidenti2014.csv,StranieriResidenti2014.csv,https://creativecommons.org/licenses/by/4.0/,http://publications.europa.eu/resource/authority/file-type/CSV,Cittadini stranieri residenti al 31.12.2014 in csv,
http://dati.comune.matera.it/dataset/f972102f-0b9b-4e5d-bdf6-635990518c14/resource/a938cd55-52ae-4e1e-a0b8-3158f5498bcd,https://docs.google.com/spreadsheets/d/e/2PACX-1vRE8CXVaaMSEreF0bCzR1J09yCARCbE4xX6U57WWkiyGXzO9UJVExmnqYW_Wi263_aaIaRshUmV-Hl1/pub?gid=0&single=true&output=csv,Occupazionisuolopubblicodehors.csv,https://creativecommons.org/licenses/by/4.0/,http://publications.europa.eu/resource/authority/file-type/CSV,File in formato CSV,
http://dati.comune.matera.it/dataset/6c8c643e-a9bf-46b8-9785-54f44141fbf8/resource/006cc58d-8e0b-4218-886a-8e16f0dac447,https://docs.google.com/spreadsheets/d/e/2PACX-1vTj3s9jj7shHskVEx4uox9IDn0TQomgYiZ8whfZbvOpvLqWkxrxVV17OCsoJrqmvfWSrG1n5GCZT1Qn/pub?gid=26988434&single=true&output=csv,Casa vacanze,https://creativecommons.org/licenses/by/4.0/,http://publications.europa.eu/resource/authority/file-type/CSV,File in formato CSV,
http://dati.comune.matera.it/dataset/e3dc0563-ed9b-4c99-bf87-5b96ddff669f/resource/d35eee77-1880-4f64-95e7-6ac437b30ad2,https://docs.google.com/spreadsheets/d/e/2PACX-1vT7hbMvoUwgvPhVd1gY8L9FnjH8diRYrwAwHyWUmXr1qWsJAjp7AJMymf0M_wezv9wNX7LCeyGpm6x6/pub?output=csv,Immobili bando esercizi di vicinato csv,https://creativecommons.org/licenses/by/4.0/,http://publications.europa.eu/resource/authority/file-type/CSV,Il dataset contiene l'elenco degli immobili messi a bando per l'apertura di esercizi di vicinato nei Rioni Sassi di Matera in formato csv,
http://dati.comune.matera.it/dataset/5a787c85-945c-4822-8878-7466d700227b/resource/34660d22-7fa2-4cb1-840d-f1702f561f18,http://dati.comune.matera.it,DatiDefinitiviCens2001AreeSubComunali.csv,https://creativecommons.org/licenses/by/4.0/,http://publications.europa.eu/resource/authority/file-type/CSV,Dati definitivi del Censimento Generale anno 2001 in csv,
http://dati.comune.matera.it/dataset/fd892840-4341-4df6-a94d-0aa39003b66c/resource/1820c305-6714-4db3-bdcd-52a2849d8179,https://docs.google.com/spreadsheets/d/e/2PACX-1vRkvvjRcnftBZ_k5387wzXGv5CEjOSzsWwOtz43pCsKqgPNKLMlIT10c_TqL8ROCnf_xbj7jBYVVcso/pub?output=csv,2018_Verbali_Mensili,https://creativecommons.org/licenses/by/4.0/,http://publications.europa.eu/resource/authority/file-type/CSV,Verbali totali per mese dell'anno 2018 in csv,
http://dati.comune.matera.it/dataset/6c8c643e-a9bf-46b8-9785-54f44141fbf8/resource/eea754d3-49a9-4fea-a008-f33e11df556e,https://docs.google.com/spreadsheets/d/e/2PACX-1vTj3s9jj7shHskVEx4uox9IDn0TQomgYiZ8whfZbvOpvLqWkxrxVV17OCsoJrqmvfWSrG1n5GCZT1Qn/pub?gid=1061491485&single=true&output=csv,Agriturismo,https://creativecommons.org/licenses/by/4.0/,http://publications.europa.eu/resource/authority/file-type/CSV,File in formato CSV,
http://dati.comune.matera.it/dataset/1eb7dd59-cc45-4b31-bdbe-d7333eace570/resource/fed9b5cd-2cd0-4244-92c0-3cc529c63bcc,https://docs.google.com/spreadsheets/d/e/2PACX-1vTgTdOPpj4VaA_etntg6LJ1-xPOFmoFOJYp4-umsI5IYErK3LXKceVbYMs9IKf999XTnHo2lnJDxjQX/pub?gid=0&single=true&output=csv,csv,https://creativecommons.org/licenses/by/4.0/,http://publications.europa.eu/resource/authority/file-type/CSV,File in formato CSV,
http://dati.comune.matera.it/dataset/77846dce-ac52-4793-a722-2fb941eb9811/resource/e02f5299-6f84-43cd-afc0-cd652513211f,https://docs.google.com/spreadsheets/d/e/2PACX-1vQCBfAoupivm-Jl1PeCoe0h_UnqEpBpkW3Mc1gSUQi47Kwv6qvhDiEw_7A_45p-qHZ5EOoWkbPboTSm/pub?output=csv,elenco-farmacie.csv,https://creativecommons.org/licenses/by/4.0/,http://publications.europa.eu/resource/authority/file-type/CSV,Elenco in formato CSV,
http://dati.comune.matera.it/dataset/e9d6e181-c1eb-40ce-bcb6-ffc3b6c35641/resource/9169564a-d6b2-4785-8311-9940c57decb6,https://goo.gl/oLJv8e,CSV,https://creativecommons.org/licenses/by/4.0/,http://publications.europa.eu/resource/authority/file-type/CSV,File in formato CSV delle Anagrafiche e degli avanzamenti,
http://dati.comune.matera.it/dataset/addb6733-b45b-44bf-bfd2-b26432d10cc7/resource/95f0abe2-923f-44d0-8418-6c2ddf2a8b69,https://docs.google.com/spreadsheets/d/e/2PACX-1vSCVc_lixIePIzEtKR-3RiVwYkEkv9_aP4yoWilTN9XmaA96RGv4vcQcoljt-qnMPZLMOJTQyXWi7fB/pub?output=csv,Serie storica tipologia infrazione,https://creativecommons.org/licenses/by/4.0/,http://publications.europa.eu/resource/authority/file-type/CSV,Serie storica dei verbali per tipologia d'infrazione dall'anno 2008 al 2017 in csv,
http://dati.comune.matera.it/dataset/e141c25d-2e4d-4314-8af1-64bda2b61af7/resource/c909d382-9407-4f65-a75e-88aa1f25bed1,http://dati.comune.matera.it/dataset/e141c25d-2e4d-4314-8af1-64bda2b61af7/resource/c909d382-9407-4f65-a75e-88aa1f25bed1/download/valutazione-contest-open-matera-totale.csv,Valutazione Contest Open-Matera - Totale.csv,https://creativecommons.org/licenses/by/4.0/,http://publications.europa.eu/resource/authority/file-type/CSV,"File con tutti partecipanti,le esclusioni, i punteggi.
Si riporta estratto Regolamento:

""In particolare, alle proposte ricevute e ritenute ammissibili la giuria attribuirà un punteggio massimo di 35 punti, ottenuti dall’attribuzione di un voto da 1 a 5 per ognuno dei sette criteri di seguito indicati:

    Creatività ed originalità
    Impatto potenziale su residenti, turisti e aziende della città di Matera
    Potenzialità commerciali
    Qualità in termini di design e user experience
    Perfomance e Stabilità
    Fruibilità su differenti piattaforme di mercato.
    Promozione del Turismo, Territorio e Cultura""",
http://dati.comune.matera.it/dataset/c5bb5d7e-0325-43e4-a6a1-340b910d7558/resource/208a9675-c931-4bc6-8a1e-755d97354672,http://dati.comune.matera.it/dataset/c5bb5d7e-0325-43e4-a6a1-340b910d7558/resource/208a9675-c931-4bc6-8a1e-755d97354672/download/decessi1-semestre2015.csv,Decessi1°Semestre2015.csv,https://creativecommons.org/licenses/by/4.0/,http://publications.europa.eu/resource/authority/file-type/CSV,Deceduti per Grande Causa di Morte 1° Semestre 2015 in csv,
http://dati.comune.matera.it/dataset/2d6697e9-7d28-41b9-899c-ab45f13bc940/resource/7d834ce4-98e8-4bb8-84e3-7b68e9a013ee,https://docs.google.com/spreadsheets/d/e/2PACX-1vQrldoUWTShE0g1PlzP03RCeLoIAR-mEEEMYfiWrbOyH19jXlhVQiNk2ejnp1hALqwvNNmhsMT6-5VO/pub?output=csv,file-elenco-parafarmacie.csv,https://creativecommons.org/licenses/by/4.0/,http://publications.europa.eu/resource/authority/file-type/CSV,Elenco delle Parafarmacie in formato CSV,
http://dati.comune.matera.it/dataset/a1db34fc-e3db-439c-991e-4f39ae9c5db8/resource/49f1f03c-e07a-4ad3-93bf-dcb92df2ddd6,https://docs.google.com/spreadsheets/d/e/2PACX-1vQD6Yx9F4XK0f2o2rRfZzroXtUZ3-Hd_Bxg1V27LoPomcoUXyXxQqeaqE8zct8N5ytFW2NgV2dVm7Jm/pub?gid=0&single=true&output=csv,CSV,https://creativecommons.org/licenses/by/4.0/,http://publications.europa.eu/resource/authority/file-type/CSV,File in formato CSV,
http://dati.comune.matera.it/dataset/a60e9ffc-1450-43d9-8220-f0b2693dc79c/resource/635b1d54-d37c-4ddb-9626-a1e42addd947,https://docs.google.com/spreadsheets/d/e/2PACX-1vTGV3fwLOYVAPV6EKYu-PqrdXHPw91j26y9S9nb-kV5-4Ru3QF8pcHRHyZiTlK_UUuJzOombGXC0P68/pub?output=csv,movimento-demografico-annuale-1931-2017-della-citta-di-matera,https://creativecommons.org/licenses/by/4.0/,http://publications.europa.eu/resource/authority/file-type/CSV,Movimento Demografico al 31 dicembre di ogni anno dal 1931 al 2017 in csv,
http://dati.comune.matera.it/dataset/7947ee10-6ac1-45bc-a8da-a791b1bc19f1/resource/fc037dc8-5170-4f09-8936-98471fb5f786,https://docs.google.com/spreadsheets/d/e/2PACX-1vS5YoerbOBHkEWjPa7baRKEjM1u-PxQdsX4wGHmhgALkqXqxmnE7upECXieaxBmpksQRglKijpN5xs8/pub?output=csv,popolazione-per-eta-sesso-al-31-12-2018-della-citta-di-matera,https://creativecommons.org/licenses/by/4.0/,http://publications.europa.eu/resource/authority/file-type/CSV,Residenti per età e sesso in csv,
http://dati.comune.matera.it/dataset/fa5924ef-70b8-461b-ae71-a7250f734eb2/resource/9ca28e84-81be-4bf9-949b-520a34acb21e,https://docs.google.com/spreadsheets/d/e/2PACX-1vT2keF8CBgGASVyTvuYDYkuG0Fn3zeHpPP63U0_vL1Ginm_qGJ-32yhZJhEbeol27ZPJrwRDr7atLFJ/pub?output=csv,Chiese del territorio comunale di Matera_CSV,https://creativecommons.org/licenses/by/4.0/,http://publications.europa.eu/resource/authority/file-type/CSV,Chiese del territorio comunale di Matera in csv,
http://dati.comune.matera.it/dataset/f602de9c-5fe9-46f4-adbb-1a35507dc452/resource/c92558c1-6363-4d38-aee5-54136f416778,http://dati.comune.matera.it/dataset/f602de9c-5fe9-46f4-adbb-1a35507dc452/resource/c92558c1-6363-4d38-aee5-54136f416778/download/fabbricatirurali.csv,fabbricatirurali,https://creativecommons.org/licenses/by/4.0/,http://publications.europa.eu/resource/authority/file-type/CSV,File in formato CSV,
http://dati.comune.matera.it/dataset/f45716da-f1e1-429b-a385-0eb60b4896fa/resource/fbbb9733-240f-47df-bdaf-20403a54d08d,https://docs.google.com/spreadsheets/d/e/2PACX-1vTq57qdzlDto94M8PL_1GUSqvVSn-BojQLZ2YYGCsKaR-b0aI4xQQ-f6RmAFdNgEWKEXraMOId8K5cd/pub?output=csv,verbali-2018-per-tipologia-infrazione-polizia-locale-matera,https://creativecommons.org/licenses/by/4.0/,http://publications.europa.eu/resource/authority/file-type/CSV,Verbali 2018 suddivisi per mese e per tipologia infrazione Polizia Locale Matera in csv,
http://dati.comune.matera.it/dataset/12bd3390-75c3-42b5-b29d-bcb035850d5f/resource/3d221f5c-daee-433f-b440-338ea8ec92e2,http://wgmatera.paesit.it/geoserver/wfs?typename=geonode%3Afascia_di_rispetto_impianti&outputFormat=csv&version=1.0.0&request=GetFeature&service=WFS&access_token=7a98365e2e2a11e8b0dda0d3c13eef1f,csv,https://creativecommons.org/licenses/by/4.0/,http://publications.europa.eu/resource/authority/file-type/CSV,File in formato CSV,
http://dati.comune.matera.it/dataset/8a36038b-0802-4846-bdc3-843aea66713a/resource/6fd8c5c7-271b-40be-b49c-12903b2c1b2c,http://goo.gl/S1ecbl,segnaletica-sassi,https://creativecommons.org/licenses/by/4.0/,http://publications.europa.eu/resource/authority/file-type/CSV,file di test per aggiornamento realtime. da non considerare da parte dell'utenza,
http://dati.comune.matera.it/dataset/4191b45b-e248-406f-91f2-501cbc3690b4/resource/85751df0-ffd1-4899-ac35-1ed1edb38e60,http://dati.comune.matera.it/dataset/4191b45b-e248-406f-91f2-501cbc3690b4/resource/85751df0-ffd1-4899-ac35-1ed1edb38e60/download/lineasassifermateorari.csv,LineaSassiFermateOrari.csv,https://creativecommons.org/licenses/by/4.0/,http://publications.europa.eu/resource/authority/file-type/CSV,Linea Sassi con fermate ed orari in csv.,
http://dati.comune.matera.it/dataset/967f000c-641f-4810-8caf-59930e40de3c/resource/e5bfcbdc-0ebc-40f3-89d8-42e1ca603648,https://openregio.anbsc.it/statistiche/export/5/immobili/17/77/77014/csv,csv,https://creativecommons.org/licenses/by/4.0/,http://publications.europa.eu/resource/authority/file-type/CSV,File in formato CSV,
http://dati.comune.matera.it/dataset/e4d149db-f003-4fde-a721-84bfcdd8cf81/resource/f7ef40ee-9f61-4dd3-8485-951214224d12,https://goo.gl/Xv7kjL,RiepIncidentiStradCauseSinistri.csv,https://creativecommons.org/licenses/by/4.0/,http://publications.europa.eu/resource/authority/file-type/CSV,Riepilogo degli incidenti stradali per cause dei sinistri da Marzo 2007 in csv,
http://dati.comune.matera.it/dataset/db1b359a-b003-4f4e-81b1-6ca966d6b0d1/resource/72c8022d-d65d-4a23-ab2d-dc27c4f1a1ba,https://docs.google.com/spreadsheets/d/e/2PACX-1vT8mCdZB1UyuxY0BP1n8ENY6C-7UXMQig5NYffIkGuccu1U5XaFoonLhjdxkCM4rBfK3csSeZQsOrTp/pub?gid=1279517255&single=true&output=csv,quadro-riepilogativo-delle-grandi-cause-di-morte-anno-2017-della-citta-di-matera,https://creativecommons.org/licenses/by/4.0/,http://publications.europa.eu/resource/authority/file-type/CSV,Valori percentuali per sesso in csv,
http://dati.comune.matera.it/dataset/3e0b68b9-de93-4dfe-8d9c-8511adc768a4/resource/04d7fef3-94db-41be-b5e0-9fc4e21347d9,https://docs.google.com/spreadsheets/d/e/2PACX-1vSfLEtvRgH3Do-ad9MKWzbVQIh2XhnXZ8oJ3DdS4d6Bgwm2lMlg6M8urftOi3Omup7254JY_FyG4eg5/pub?output=csv,Verbali Codice della Strada Polizia Locale Matera,https://creativecommons.org/licenses/by/4.0/,http://publications.europa.eu/resource/authority/file-type/CSV,"Serie storica, a partire dall'anno 2008, del totale dei verbali elevati dalla Polizia Locale in csv",
